ID;NOME;SOBRENOME;EMAIL;STATUS;DATA_PROCESSAMENTO
1;Maria Julia;Siqueira;maria.julia.siqueira@bol.com.br;ATIVO;13/06/2022
2;Eloah;Monteira;eloah.monteira@bol.com.br;ATIVO;13/06/2022
3;Bernardo;Monteira;bernardo.monteira@yahoo.com;ATIVO;13/06/2022
4;Heloisa;Caldas;heloisa.caldas@gmail.com;ATIVO;13/06/2022
5;Daniel;Velasques;daniel.velasques@live.com;ATIVO;13/06/2022
6;Marcos;Saraiva;marcos.saraiva@yahoo.com;ATIVO;13/06/2022
7;Juliana;Goncalves;juliana.goncalves@bol.com.br;ATIVO;13/06/2022
8;Mathias;Macedo;mathias.macedo@hotmail.com;ATIVO;13/06/2022
9;Enzo Miguel;Ribeiro;enzo.miguel.ribeiro@hotmail.com;ATIVO;13/06/2022
10;Enzo;Carneiro;enzo.carneiro@yahoo.com;ATIVO;13/06/2022
11;Pedro;Gentil;pedro.gentil@yahoo.com;ATIVO;13/06/2022
12;Helio;Pedroso;helio.pedroso@gmail.com;ATIVO;13/06/2022
13;Ladislau;Morais;ladislau.morais@bol.com.br;ATIVO;13/06/2022
14;Ana Luiza;da Conceicao;ana.luiza.da.conceicao@gmail.com;ATIVO;13/06/2022
15;Isabella;Louzada;isabella.louzada@yahoo.com;ATIVO;13/06/2022
16;Silas;Pimenta;silas.pimenta@yahoo.com;ATIVO;13/06/2022
17;Agatha;Batista;agatha.batista@hotmail.com;ATIVO;13/06/2022
18;Ana Laura;Fontes;ana.laura.fontes@live.com;ATIVO;13/06/2022
19;Arthur Gabriel;Teixeira;arthur.gabriel.teixeira@hotmail.com;ATIVO;13/06/2022
20;Vinicius;Goulart;vinicius.goulart@yahoo.com;ATIVO;13/06/2022
21;Dalila;Vasques;dalila.vasques@gmail.com;ATIVO;13/06/2022
22;Vinicius;Brites;vinicius.brites@bol.com.br;ATIVO;13/06/2022
23;Vitor;Jesus;vitor.jesus@live.com;ATIVO;13/06/2022
24;Nicolas;Monteiro;nicolas.monteiro@yahoo.com;ATIVO;13/06/2022
25;Beatriz;Goulart;beatriz.goulart@live.com;ATIVO;13/06/2022
26;Paulo;Caldas;paulo.caldas@live.com;ATIVO;13/06/2022
27;Nubia;Moura;nubia.moura@live.com;ATIVO;13/06/2022
28;Ladislau;Veloso;ladislau.veloso@live.com;ATIVO;13/06/2022
29;Gael;Rameira;gael.rameira@gmail.com;ATIVO;13/06/2022
30;Elisio;Soares;elisio.soares@gmail.com;ATIVO;13/06/2022
31;Marcio;Meira;marcio.meira@gmail.com;ATIVO;13/06/2022
32;Sarah;Cardoso;sarah.cardoso@yahoo.com;ATIVO;13/06/2022
33;Davi Luiz;Geraldes;davi.luiz.geraldes@live.com;ATIVO;13/06/2022
34;Perola;da Rosa;perola.da.rosa@bol.com.br;ATIVO;13/06/2022
35;Salvador;da Terra;salvador.da.terra@yahoo.com;ATIVO;13/06/2022
36;Alessandro;Teles;alessandro.teles@live.com;ATIVO;13/06/2022
37;Davi Luca;de Assuncao;davi.luca.de.assuncao@bol.com.br;ATIVO;13/06/2022
38;Bianca;Barata;bianca.barata@yahoo.com;ATIVO;13/06/2022
39;Igor;das Neves;igor.das.neves@bol.com.br;ATIVO;13/06/2022
40;Frederico;da Barranca;frederico.da.barranca@bol.com.br;ATIVO;13/06/2022
41;Gubio;Novaes;gubio.novaes@hotmail.com;ATIVO;13/06/2022
42;Patricia;Marques;patricia.marques@yahoo.com;ATIVO;13/06/2022
43;Arthur Miguel;da Rocha;arthur.miguel.da.rocha@gmail.com;ATIVO;13/06/2022
44;Carla;Soeira;carla.soeira@hotmail.com;ATIVO;13/06/2022
45;Pietro;Ambrosio;pietro.ambrosio@yahoo.com;ATIVO;13/06/2022
46;Maria Julia;Brites;maria.julia.brites@yahoo.com;ATIVO;13/06/2022
47;Antonio;Carneiro;antonio.carneiro@hotmail.com;ATIVO;13/06/2022
48;Victor;Reboucas;victor.reboucas@hotmail.com;ATIVO;13/06/2022
49;Ana Beatriz;Peixoto;ana.beatriz.peixoto@hotmail.com;ATIVO;13/06/2022
50;Davi Luca;da Paz;davi.luca.da.paz@yahoo.com;ATIVO;13/06/2022
51;Bento;Beltrao;bento.beltrao@hotmail.com;ATIVO;13/06/2022
52;Davi Lucas;Duarte;davi.lucas.duarte@hotmail.com;ATIVO;13/06/2022
53;Bruno;Limeira;bruno.limeira@live.com;ATIVO;13/06/2022
54;Maria Clara;Ribeiro;maria.clara.ribeiro@live.com;ATIVO;13/06/2022
55;Warley;Araujo;warley.araujo@gmail.com;ATIVO;13/06/2022
56;Eloah;Macieira;eloah.macieira@gmail.com;ATIVO;13/06/2022
57;Joao Gabriel;Guedes;joao.gabriel.guedes@bol.com.br;ATIVO;13/06/2022
58;Davi Ludmer;Santos;davi.ludmer.santos@live.com;ATIVO;13/06/2022
59;Anthony;Siqueiro;anthony.siqueiro@hotmail.com;ATIVO;13/06/2022
60;Heloisa;Mendes;heloisa.mendes@live.com;ATIVO;13/06/2022
61;Bruna;Esteves;bruna.esteves@bol.com.br;ATIVO;13/06/2022
62;Davi Miguel;Bulhoes;davi.miguel.bulhoes@bol.com.br;ATIVO;13/06/2022
63;Melissa;Martins;melissa.martins@gmail.com;ATIVO;13/06/2022
64;Enrico;da Maia;enrico.da.maia@bol.com.br;ATIVO;13/06/2022
65;Karla;Neves;karla.neves@live.com;ATIVO;13/06/2022
66;Carlos;Galego;carlos.galego@yahoo.com;ATIVO;13/06/2022
67;Maria Cecilia;Resende;maria.cecilia.resende@yahoo.com;ATIVO;13/06/2022
68;Ana Julia;Franco;ana.julia.franco@live.com;ATIVO;13/06/2022
69;Marcio;Lessa;marcio.lessa@gmail.com;ATIVO;13/06/2022
70;Julia;Resende;julia.resende@bol.com.br;ATIVO;13/06/2022
71;Victor;da Madureira;victor.da.madureira@gmail.com;ATIVO;13/06/2022
72;Joao;Sanches;joao.sanches@bol.com.br;ATIVO;13/06/2022
73;Pietro;de Oliveira;pietro.de.oliveira@yahoo.com;ATIVO;13/06/2022
74;Bianca;Vimaranes;bianca.vimaranes@hotmail.com;ATIVO;13/06/2022
75;Calebe;da Gama;calebe.da.gama@live.com;ATIVO;13/06/2022
76;Adriana;Lobos;adriana.lobos@gmail.com;ATIVO;13/06/2022
77;Marina;da Conceicao;marina.da.conceicao@gmail.com;ATIVO;13/06/2022
78;Felix;Aguiar;felix.aguiar@bol.com.br;ATIVO;13/06/2022
79;Ana;Garcez;ana.garcez@yahoo.com;ATIVO;13/06/2022
80;Ana Sophia;Roriz;ana.sophia.roriz@gmail.com;ATIVO;13/06/2022
81;Sophia;Almada;sophia.almada@gmail.com;ATIVO;13/06/2022
82;Adriana;Novaes;adriana.novaes@live.com;ATIVO;13/06/2022
83;Caua;Velasques;caua.velasques@live.com;ATIVO;13/06/2022
84;Enzo Miguel;Campos;enzo.miguel.campos@bol.com.br;ATIVO;13/06/2022
85;Francisca;Vidal;francisca.vidal@bol.com.br;ATIVO;13/06/2022
86;Giovanna;da Fronteira;giovanna.da.fronteira@gmail.com;ATIVO;13/06/2022
87;Vitoria;Veloso;vitoria.veloso@gmail.com;ATIVO;13/06/2022
88;Margarida;Araujo;margarida.araujo@yahoo.com;ATIVO;13/06/2022
89;Maria Valentina;Duarte;maria.valentina.duarte@hotmail.com;ATIVO;13/06/2022
90;Sara;Galvao;sara.galvao@gmail.com;ATIVO;13/06/2022
91;Washington;Sanches;washington.sanches@bol.com.br;ATIVO;13/06/2022
92;Ana Laura;Pinto;ana.laura.pinto@bol.com.br;ATIVO;13/06/2022
93;Maria Laura;Arantes;maria.laura.arantes@bol.com.br;ATIVO;13/06/2022
94;Luana;dos Reis;luana.dos.reis@hotmail.com;ATIVO;13/06/2022
95;Davi Luca;Antunes;davi.luca.antunes@live.com;ATIVO;13/06/2022
96;Luan;Pedroso;luan.pedroso@bol.com.br;ATIVO;13/06/2022
97;Mirella;Dantas;mirella.dantas@bol.com.br;ATIVO;13/06/2022
98;Gabrielly;Santos;gabrielly.santos@bol.com.br;ATIVO;13/06/2022
99;Ryan;Caseira;ryan.caseira@yahoo.com;ATIVO;13/06/2022
100;Emilly;de Oliveira;emilly.de.oliveira@bol.com.br;ATIVO;13/06/2022
101;Mirella;Vimaranes;mirella.vimaranes@live.com;ATIVO;13/06/2022
102;Maria;da Nobrega;maria.da.nobrega@gmail.com;ATIVO;13/06/2022
103;Mirella;Franco;mirella.franco@gmail.com;ATIVO;13/06/2022
104;Thiago;Novaes;thiago.novaes@hotmail.com;ATIVO;13/06/2022
105;Maria Alice;Crespo;maria.alice.crespo@bol.com.br;ATIVO;13/06/2022
106;Sophie;Banheira;sophie.banheira@hotmail.com;ATIVO;13/06/2022
107;Luiz;da Penha;luiz.da.penha@yahoo.com;ATIVO;13/06/2022
108;Isabela;Henriques;isabela.henriques@hotmail.com;ATIVO;13/06/2022
109;Vinicius;Rodrigues;vinicius.rodrigues@gmail.com;ATIVO;13/06/2022
110;Ana;Pinto;ana.pinto@yahoo.com;ATIVO;13/06/2022
111;Noah;da Luz;noah.da.luz@hotmail.com;ATIVO;13/06/2022
112;Joao;Palhares;joao.palhares@gmail.com;ATIVO;13/06/2022
113;Davi Miguel;Laranjeira;davi.miguel.laranjeira@hotmail.com;ATIVO;13/06/2022
114;Gubio;Grotas;gubio.grotas@yahoo.com;ATIVO;13/06/2022
115;Theo;Fontes;theo.fontes@bol.com.br;ATIVO;13/06/2022
116;Enrico;Macedo;enrico.macedo@hotmail.com;ATIVO;13/06/2022
117;Bernardo;Crespo;bernardo.crespo@bol.com.br;ATIVO;13/06/2022
118;Agatha;Dias;agatha.dias@bol.com.br;ATIVO;13/06/2022
119;Lucas;de Lara;lucas.de.lara@hotmail.com;ATIVO;13/06/2022
120;Thiago;da Penha;thiago.da.penha@gmail.com;ATIVO;13/06/2022
121;Fabricia;Gabeira;fabricia.gabeira@live.com;ATIVO;13/06/2022
122;Gustavo;Marques;gustavo.marques@hotmail.com;ATIVO;13/06/2022
123;Igor;do Prado;igor.do.prado@bol.com.br;ATIVO;13/06/2022
124;Lucas;Batista;lucas.batista@gmail.com;ATIVO;13/06/2022
125;Joao Miguel;Caldas;joao.miguel.caldas@bol.com.br;ATIVO;13/06/2022
126;Giovanna;Sales;giovanna.sales@hotmail.com;ATIVO;13/06/2022
127;Natalia;Datena;natalia.datena@yahoo.com;ATIVO;13/06/2022
128;Mirella;Tavares;mirella.tavares@yahoo.com;ATIVO;13/06/2022
129;Sophia;Bernardes;sophia.bernardes@live.com;ATIVO;13/06/2022
130;Emanuel;Moniz;emanuel.moniz@gmail.com;ATIVO;13/06/2022
131;Pablo;Marcondes;pablo.marcondes@yahoo.com;ATIVO;13/06/2022
132;Theo;do Prado;theo.do.prado@hotmail.com;ATIVO;13/06/2022
133;Cecilia;Aroeira;cecilia.aroeira@gmail.com;ATIVO;13/06/2022
134;Enrico;Modesto;enrico.modesto@yahoo.com;ATIVO;13/06/2022
135;Ana Luiza;Dias;ana.luiza.dias@bol.com.br;ATIVO;13/06/2022
136;Bento;da Silva;bento.da.silva@hotmail.com;ATIVO;13/06/2022
137;Margarida;Silveira;margarida.silveira@hotmail.com;ATIVO;13/06/2022
138;Elisa;da Aldeia;elisa.da.aldeia@gmail.com;ATIVO;13/06/2022
139;Sirineu;da Cruz;sirineu.da.cruz@hotmail.com;ATIVO;13/06/2022
140;Marina;Viana;marina.viana@hotmail.com;ATIVO;13/06/2022
141;Mariah;Porteira;mariah.porteira@hotmail.com;ATIVO;13/06/2022
142;Felicia;Caseira;felicia.caseira@yahoo.com;ATIVO;13/06/2022
143;Davi Luca;Campos;davi.luca.campos@yahoo.com;ATIVO;13/06/2022
144;Gabriela;Fogaca;gabriela.fogaca@hotmail.com;ATIVO;13/06/2022
145;Igor;da Silveira;igor.da.silveira@yahoo.com;ATIVO;13/06/2022
146;Carlos;Morais;carlos.morais@bol.com.br;ATIVO;13/06/2022
147;Lara;Bomdia;lara.bomdia@hotmail.com;ATIVO;13/06/2022
148;Andre;da Cunha;andre.da.cunha@yahoo.com;ATIVO;13/06/2022
149;Lavinia;Teles;lavinia.teles@hotmail.com;ATIVO;13/06/2022
150;Marcos;Campos;marcos.campos@bol.com.br;ATIVO;13/06/2022
151;Julio;Rego;julio.rego@gmail.com;ATIVO;13/06/2022
152;Elisio;Marins;elisio.marins@yahoo.com;ATIVO;13/06/2022
153;Suelen;Longuinho;suelen.longuinho@hotmail.com;ATIVO;13/06/2022
154;Washington;Jaques;washington.jaques@gmail.com;ATIVO;13/06/2022
155;Paula;Roseira;paula.roseira@live.com;ATIVO;13/06/2022
156;Lucas Gabriel;Castanheira;lucas.gabriel.castanheira@live.com;ATIVO;13/06/2022
157;Ruan;Raia;ruan.raia@yahoo.com;ATIVO;13/06/2022
158;Manuela;Ribeira;manuela.ribeira@bol.com.br;ATIVO;13/06/2022
159;Tiago;Saraiva;tiago.saraiva@bol.com.br;ATIVO;13/06/2022
160;Igor;Diegues;igor.diegues@bol.com.br;ATIVO;13/06/2022
161;Clara;Munhoz;clara.munhoz@gmail.com;ATIVO;13/06/2022
162;Lorena;Castro;lorena.castro@bol.com.br;ATIVO;13/06/2022
163;Eduardo;Alvares;eduardo.alvares@gmail.com;ATIVO;13/06/2022
164;Manuela;Sais;manuela.sais@yahoo.com;ATIVO;13/06/2022
165;Alexandre;Silva;alexandre.silva@gmail.com;ATIVO;13/06/2022
166;Luiz Otavio;Sais;luiz.otavio.sais@bol.com.br;ATIVO;13/06/2022
167;Benicio;Alvares;benicio.alvares@hotmail.com;ATIVO;13/06/2022
168;Melissa;Solimoes;melissa.solimoes@gmail.com;ATIVO;13/06/2022
169;Nicole;Henriques;nicole.henriques@yahoo.com;ATIVO;13/06/2022
170;Luiz Felipe;Morais;luiz.felipe.morais@bol.com.br;ATIVO;13/06/2022
171;Breno;Bomdia;breno.bomdia@hotmail.com;ATIVO;13/06/2022
172;Bruna;Bomdia;bruna.bomdia@gmail.com;ATIVO;13/06/2022
173;Yago;Fontinhas;yago.fontinhas@live.com;ATIVO;13/06/2022
174;Lorena;Regueira;lorena.regueira@hotmail.com;ATIVO;13/06/2022
175;Gabriel;Costa;gabriel.costa@hotmail.com;ATIVO;13/06/2022
176;Vinicius;Vieira;vinicius.vieira@gmail.com;ATIVO;13/06/2022
177;Maria Luiza;da Fonseca;maria.luiza.da.fonseca@yahoo.com;ATIVO;13/06/2022
178;Maria Clara;Fontinhas;maria.clara.fontinhas@live.com;ATIVO;13/06/2022
179;Ana;Teles;ana.teles@hotmail.com;ATIVO;13/06/2022
180;Yago;Almada;yago.almada@live.com;ATIVO;13/06/2022
181;Julia;Aroeira;julia.aroeira@yahoo.com;ATIVO;13/06/2022
182;Rebeca;Porto;rebeca.porto@bol.com.br;ATIVO;13/06/2022
183;Kaique;Cruz;kaique.cruz@bol.com.br;ATIVO;13/06/2022
184;Ana;Castanheira;ana.castanheira@gmail.com;ATIVO;13/06/2022
185;Isabelly;Raia;isabelly.raia@yahoo.com;ATIVO;13/06/2022
186;Roberta;Cabreira;roberta.cabreira@gmail.com;ATIVO;13/06/2022
187;Marcia;Barreira;marcia.barreira@hotmail.com;ATIVO;13/06/2022
188;Gael;Gabeira;gael.gabeira@hotmail.com;ATIVO;13/06/2022
189;Henry;da Cunha;henry.da.cunha@hotmail.com;ATIVO;13/06/2022
190;Davi Miguel;Nogueira;davi.miguel.nogueira@bol.com.br;ATIVO;13/06/2022
191;Noah;Garces;noah.garces@bol.com.br;ATIVO;13/06/2022
192;Joao;Regueira;joao.regueira@hotmail.com;ATIVO;13/06/2022
193;Bianca;Velasques;bianca.velasques@gmail.com;ATIVO;13/06/2022
194;Marcos;Geraldes;marcos.geraldes@live.com;ATIVO;13/06/2022
195;Maria Eduarda;Goulart;maria.eduarda.goulart@bol.com.br;ATIVO;13/06/2022
196;Mariah;Siqueiro;mariah.siqueiro@live.com;ATIVO;13/06/2022
197;Sara;Assumpcao;sara.assumpcao@hotmail.com;ATIVO;13/06/2022
198;Vinicius;Pereira;vinicius.pereira@gmail.com;ATIVO;13/06/2022
199;Rebeca;Jesus;rebeca.jesus@bol.com.br;ATIVO;13/06/2022
200;Noah;Monteiro;noah.monteiro@hotmail.com;ATIVO;13/06/2022
201;Camila;Dorneles;camila.dorneles@bol.com.br;ATIVO;13/06/2022
202;Ladislau;de Sa;ladislau.de.sa@yahoo.com;ATIVO;13/06/2022
203;Joao Vitor;Passarinho;joao.vitor.passarinho@live.com;ATIVO;13/06/2022
204;Fernando;Simao;fernando.simao@yahoo.com;ATIVO;13/06/2022
205;Marcia;Ornelas;marcia.ornelas@bol.com.br;ATIVO;13/06/2022
206;Julia;Ambrosio;julia.ambrosio@yahoo.com;ATIVO;13/06/2022
207;Arthur Gabriel;Godinho;arthur.gabriel.godinho@bol.com.br;ATIVO;13/06/2022
208;Nataniel;Assumpcao;nataniel.assumpcao@hotmail.com;ATIVO;13/06/2022
209;Paula;Bomdia;paula.bomdia@hotmail.com;ATIVO;13/06/2022
210;Ofelia;Soares;ofelia.soares@hotmail.com;ATIVO;13/06/2022
211;Isadora;Velasques;isadora.velasques@live.com;ATIVO;13/06/2022
212;Noah;Passarinho;noah.passarinho@live.com;ATIVO;13/06/2022
213;Joao Victor;Reboucas;joao.victor.reboucas@bol.com.br;ATIVO;13/06/2022
214;Oliver;Arriaga;oliver.arriaga@bol.com.br;ATIVO;13/06/2022
215;Daniel;Marques;daniel.marques@live.com;ATIVO;13/06/2022
216;Igor;Marins;igor.marins@bol.com.br;ATIVO;13/06/2022
217;Enzo;da Mota;enzo.da.mota@hotmail.com;ATIVO;13/06/2022
218;Bento;Moura;bento.moura@yahoo.com;ATIVO;13/06/2022
219;Calebe;Melo;calebe.melo@yahoo.com;ATIVO;13/06/2022
220;Maria Sophia;da Mata;maria.sophia.da.mata@yahoo.com;ATIVO;13/06/2022
221;Camila;Dorneles;camila.dorneles@gmail.com;ATIVO;13/06/2022
222;Igor;dos Reis;igor.dos.reis@bol.com.br;ATIVO;13/06/2022
223;Lavinia;Reboucas;lavinia.reboucas@yahoo.com;ATIVO;13/06/2022
224;Joao Victor;Novaes;joao.victor.novaes@gmail.com;ATIVO;13/06/2022
225;Joao Miguel;Goncalves;joao.miguel.goncalves@yahoo.com;ATIVO;13/06/2022
226;Kaique;Cardoso;kaique.cardoso@gmail.com;ATIVO;13/06/2022
227;Vitor Hugo;Vasques;vitor.hugo.vasques@hotmail.com;ATIVO;13/06/2022
228;Jose;Figueira;jose.figueira@gmail.com;ATIVO;13/06/2022
229;Joao Samuel;da Madureira;joao.samuel.da.madureira@bol.com.br;ATIVO;13/06/2022
230;Davi Miguel;Melo;davi.miguel.melo@live.com;ATIVO;13/06/2022
231;Bernardo;Matoso;bernardo.matoso@gmail.com;ATIVO;13/06/2022
232;Silvia;da Conceicao;silvia.da.conceicao@yahoo.com;ATIVO;13/06/2022
233;Clarice;Lobos;clarice.lobos@yahoo.com;ATIVO;13/06/2022
234;Enzo;Vieira;enzo.vieira@yahoo.com;ATIVO;13/06/2022
235;Arthur Henrique;Guterres;arthur.henrique.guterres@gmail.com;ATIVO;13/06/2022
236;Eduarda;Castelo;eduarda.castelo@yahoo.com;ATIVO;13/06/2022
237;Bernardo;Neves;bernardo.neves@gmail.com;ATIVO;13/06/2022
238;Maria Valentina;Conceicao;maria.valentina.conceicao@gmail.com;ATIVO;13/06/2022
239;Henrique;Fogaca;henrique.fogaca@live.com;ATIVO;13/06/2022
240;Margarida;Barbosa;margarida.barbosa@hotmail.com;ATIVO;13/06/2022
241;Enzo Gabriel;Monteira;enzo.gabriel.monteira@hotmail.com;ATIVO;13/06/2022
242;Davi;Vidal;davi.vidal@gmail.com;ATIVO;13/06/2022
243;Marcela;da Nobrega;marcela.da.nobrega@yahoo.com;ATIVO;13/06/2022
244;Danilo;da Fontoura;danilo.da.fontoura@gmail.com;ATIVO;13/06/2022
245;Murilo;Ramires;murilo.ramires@gmail.com;ATIVO;13/06/2022
246;Sarah;da Barranca;sarah.da.barranca@gmail.com;ATIVO;13/06/2022
247;Lorenzo;Ribas;lorenzo.ribas@bol.com.br;ATIVO;13/06/2022
248;Lorraine;Barreto;lorraine.barreto@bol.com.br;ATIVO;13/06/2022
249;Cecilia;Veles;cecilia.veles@yahoo.com;ATIVO;13/06/2022
250;Adriana;da Cunha;adriana.da.cunha@bol.com.br;ATIVO;13/06/2022
251;Fabricia;Bulhoes;fabricia.bulhoes@live.com;ATIVO;13/06/2022
252;Isaac;Nunes;isaac.nunes@live.com;ATIVO;13/06/2022
253;Adriana;Reis;adriana.reis@live.com;ATIVO;13/06/2022
254;Nubia;Rocha;nubia.rocha@yahoo.com;ATIVO;13/06/2022
255;Felicia;Reis;felicia.reis@live.com;ATIVO;13/06/2022
256;Vitor Hugo;Roriz;vitor.hugo.roriz@bol.com.br;ATIVO;13/06/2022
257;Arthur Gabriel;Paiva;arthur.gabriel.paiva@hotmail.com;ATIVO;13/06/2022
258;Caua;de Lins;caua.de.lins@hotmail.com;ATIVO;13/06/2022
259;Davi Luiz;Coqueiro;davi.luiz.coqueiro@gmail.com;ATIVO;13/06/2022
260;Malu;Assumpcao;malu.assumpcao@yahoo.com;ATIVO;13/06/2022
261;Giovanna;Freitas;giovanna.freitas@live.com;ATIVO;13/06/2022
262;Aline;Moraes;aline.moraes@bol.com.br;ATIVO;13/06/2022
263;Ana;da Fonseca;ana.da.fonseca@live.com;ATIVO;13/06/2022
264;Alexandre;Neves;alexandre.neves@gmail.com;ATIVO;13/06/2022
265;Nathan;Meireles;nathan.meireles@gmail.com;ATIVO;13/06/2022
266;Marcia;Caldas;marcia.caldas@live.com;ATIVO;13/06/2022
267;Davi Ludmer;Moniz;davi.ludmer.moniz@gmail.com;ATIVO;13/06/2022
268;Felix;Teixeira;felix.teixeira@hotmail.com;ATIVO;13/06/2022
269;Joao;Barreto;joao.barreto@hotmail.com;ATIVO;13/06/2022
270;Fabiano;de Borba;fabiano.de.borba@gmail.com;ATIVO;13/06/2022
271;Maria Helena;Castanho;maria.helena.castanho@live.com;ATIVO;13/06/2022
272;Arthur;Alves;arthur.alves@live.com;ATIVO;13/06/2022
273;Breno;Banheira;breno.banheira@hotmail.com;ATIVO;13/06/2022
274;Isaac;da Terra;isaac.da.terra@bol.com.br;ATIVO;13/06/2022
275;Enzo Gabriel;Bonfim;enzo.gabriel.bonfim@bol.com.br;ATIVO;13/06/2022
276;Roberta;Parreira;roberta.parreira@hotmail.com;ATIVO;13/06/2022
277;Ryan;Gentil;ryan.gentil@gmail.com;ATIVO;13/06/2022
278;Oliver;Espinhosa;oliver.espinhosa@gmail.com;ATIVO;13/06/2022
279;Rafael;da Fronteira;rafael.da.fronteira@live.com;ATIVO;13/06/2022
280;Davi Luiz;Macieira;davi.luiz.macieira@bol.com.br;ATIVO;13/06/2022
281;Pedro Miguel;Meireles;pedro.miguel.meireles@gmail.com;ATIVO;13/06/2022
282;Maria Eduarda;Lopes;maria.eduarda.lopes@gmail.com;ATIVO;13/06/2022
283;Arthur Henrique;Dias;arthur.henrique.dias@gmail.com;ATIVO;13/06/2022
284;Davi Lucas;Assumpcao;davi.lucas.assumpcao@hotmail.com;ATIVO;13/06/2022
285;Paula;Rezende;paula.rezende@yahoo.com;ATIVO;13/06/2022
286;Emanuel;Hermingues;emanuel.hermingues@bol.com.br;ATIVO;13/06/2022
287;Maria Valentina;dos Reis;maria.valentina.dos.reis@yahoo.com;ATIVO;13/06/2022
288;Nubia;de Assuncao;nubia.de.assuncao@gmail.com;ATIVO;13/06/2022
289;Pedro Miguel;Ramalho;pedro.miguel.ramalho@hotmail.com;ATIVO;13/06/2022
290;Isabela;Tavares;isabela.tavares@hotmail.com;ATIVO;13/06/2022
291;Celia;Novaes;celia.novaes@yahoo.com;ATIVO;13/06/2022
292;Dalila;Ornelas;dalila.ornelas@hotmail.com;ATIVO;13/06/2022
293;Bianca;Correa;bianca.correa@hotmail.com;ATIVO;13/06/2022
294;Bryan;da Cruz;bryan.da.cruz@bol.com.br;ATIVO;13/06/2022
295;Ana Luiza;Campos;ana.luiza.campos@bol.com.br;ATIVO;13/06/2022
296;Margarida;Martins;margarida.martins@hotmail.com;ATIVO;13/06/2022
297;Vicente;Sais;vicente.sais@hotmail.com;ATIVO;13/06/2022
298;Arthur Miguel;da Cunha;arthur.miguel.da.cunha@yahoo.com;ATIVO;13/06/2022
299;Elisa;Ornelas;elisa.ornelas@hotmail.com;ATIVO;13/06/2022
300;Roberto;Teles;roberto.teles@bol.com.br;ATIVO;13/06/2022
301;Luiz Miguel;Galvao;luiz.miguel.galvao@gmail.com;ATIVO;13/06/2022
302;Alice;Teles;alice.teles@bol.com.br;ATIVO;13/06/2022
303;Bruna;da Cunha;bruna.da.cunha@bol.com.br;ATIVO;13/06/2022
304;Ana Vitoria;Garces;ana.vitoria.garces@hotmail.com;ATIVO;13/06/2022
305;Joao Miguel;Porto;joao.miguel.porto@gmail.com;ATIVO;13/06/2022
306;Yango;Gomide;yango.gomide@yahoo.com;ATIVO;13/06/2022
307;Mirella;Santos;mirella.santos@yahoo.com;ATIVO;13/06/2022
308;Pedro Tobias;Duarte;pedro.tobias.duarte@bol.com.br;ATIVO;13/06/2022
309;Calebe;Rego;calebe.rego@hotmail.com;ATIVO;13/06/2022
310;Marcos;Lima;marcos.lima@live.com;ATIVO;13/06/2022
311;Cecilia;da Nobrega;cecilia.da.nobrega@hotmail.com;ATIVO;13/06/2022
312;Fabricia;da Costa;fabricia.da.costa@gmail.com;ATIVO;13/06/2022
313;Lais;Moreira;lais.moreira@bol.com.br;ATIVO;13/06/2022
314;Samuel;Godins;samuel.godins@yahoo.com;ATIVO;13/06/2022
315;Davi Lucca;Goncalves;davi.lucca.goncalves@hotmail.com;ATIVO;13/06/2022
316;Marcia;da Bandeira;marcia.da.bandeira@hotmail.com;ATIVO;13/06/2022
317;Sarah;Geraldes;sarah.geraldes@gmail.com;ATIVO;13/06/2022
318;Joana;Meireles;joana.meireles@live.com;ATIVO;13/06/2022
319;Pedro Henrique;Sales;pedro.henrique.sales@yahoo.com;ATIVO;13/06/2022
320;Lavinia;Ramalho;lavinia.ramalho@live.com;ATIVO;13/06/2022
321;Olivia;Paiva;olivia.paiva@hotmail.com;ATIVO;13/06/2022
322;Joao Victor;Dorneles;joao.victor.dorneles@bol.com.br;ATIVO;13/06/2022
323;Isaac;Arriaga;isaac.arriaga@hotmail.com;ATIVO;13/06/2022
324;Marcelo;Banheira;marcelo.banheira@yahoo.com;ATIVO;13/06/2022
325;Isis;Nogueira;isis.nogueira@hotmail.com;ATIVO;13/06/2022
326;Bianca;Bernardes;bianca.bernardes@bol.com.br;ATIVO;13/06/2022
327;Ana;Gentil;ana.gentil@gmail.com;ATIVO;13/06/2022
328;Maria Valentina;Alves;maria.valentina.alves@gmail.com;ATIVO;13/06/2022
329;Helio;Arriaga;helio.arriaga@hotmail.com;ATIVO;13/06/2022
330;Tiago;Lima;tiago.lima@bol.com.br;ATIVO;13/06/2022
331;Allana;Ouriques;allana.ouriques@yahoo.com;ATIVO;13/06/2022
332;Karla;da Penha;karla.da.penha@live.com;ATIVO;13/06/2022
333;Marcio;Velasques;marcio.velasques@live.com;ATIVO;13/06/2022
334;Giovanna;Cachoeira;giovanna.cachoeira@hotmail.com;ATIVO;13/06/2022
335;Joao Guilherme;da Maia;joao.guilherme.da.maia@live.com;ATIVO;13/06/2022
336;Fabricio;Silveira;fabricio.silveira@live.com;ATIVO;13/06/2022
337;Felipe;Teixeira;felipe.teixeira@bol.com.br;ATIVO;13/06/2022
338;Fernando;Matoso;fernando.matoso@live.com;ATIVO;13/06/2022
339;Warley;da Silva;warley.da.silva@yahoo.com;ATIVO;13/06/2022
340;Tertuliano;Ambrosio;tertuliano.ambrosio@yahoo.com;ATIVO;13/06/2022
341;Valentina;Palmeira;valentina.palmeira@yahoo.com;ATIVO;13/06/2022
342;Meire;Raia;meire.raia@yahoo.com;ATIVO;13/06/2022
343;Joao Vitor;Castanho;joao.vitor.castanho@gmail.com;ATIVO;13/06/2022
344;Ana Beatriz;Arantes;ana.beatriz.arantes@bol.com.br;ATIVO;13/06/2022
345;Luiz;Castelo;luiz.castelo@live.com;ATIVO;13/06/2022
346;Bruno;Paes;bruno.paes@gmail.com;ATIVO;13/06/2022
347;Karla;Siqueiro;karla.siqueiro@yahoo.com;ATIVO;13/06/2022
348;Bianca;Monteira;bianca.monteira@live.com;ATIVO;13/06/2022
349;Pedro Tobias;Esteves;pedro.tobias.esteves@yahoo.com;ATIVO;13/06/2022
350;Ana;Ramos;ana.ramos@live.com;ATIVO;13/06/2022
351;Sophia;Conceicao;sophia.conceicao@yahoo.com;ATIVO;13/06/2022
352;Joao Vitor;Mangueira;joao.vitor.mangueira@hotmail.com;ATIVO;13/06/2022
353;Maria Vitoria;Camacho;maria.vitoria.camacho@yahoo.com;ATIVO;13/06/2022
354;Livia;Santos;livia.santos@live.com;ATIVO;13/06/2022
355;Ofelia;Ribeiro;ofelia.ribeiro@gmail.com;ATIVO;13/06/2022
356;Kaique;Sais;kaique.sais@hotmail.com;ATIVO;13/06/2022
357;Tertuliano;Dorneles;tertuliano.dorneles@gmail.com;ATIVO;13/06/2022
358;Lorraine;Palhares;lorraine.palhares@gmail.com;ATIVO;13/06/2022
359;Davi Luiz;Rodrigues;davi.luiz.rodrigues@yahoo.com;ATIVO;13/06/2022
360;Alessandra;Aguiar;alessandra.aguiar@live.com;ATIVO;13/06/2022
361;Augusto;Roseira;augusto.roseira@gmail.com;ATIVO;13/06/2022
362;Alice;Fontes;alice.fontes@live.com;ATIVO;13/06/2022
363;Eduardo;Duarte;eduardo.duarte@live.com;ATIVO;13/06/2022
364;Lucas;Cavalcanti;lucas.cavalcanti@bol.com.br;ATIVO;13/06/2022
365;Felicia;Castelo;felicia.castelo@hotmail.com;ATIVO;13/06/2022
366;Augusto;Sa;augusto.sa@live.com;ATIVO;13/06/2022
367;Morgana;Albuquerque;morgana.albuquerque@yahoo.com;ATIVO;13/06/2022
368;Norberto;Barata;norberto.barata@gmail.com;ATIVO;13/06/2022
369;Joana;Bonfim;joana.bonfim@gmail.com;ATIVO;13/06/2022
370;Isadora;Ferreira;isadora.ferreira@hotmail.com;ATIVO;13/06/2022
371;Marli;Porteira;marli.porteira@yahoo.com;ATIVO;13/06/2022
372;Marcos;da Terra;marcos.da.terra@yahoo.com;ATIVO;13/06/2022
373;Vitoria;Veloso;vitoria.veloso@hotmail.com;ATIVO;13/06/2022
374;Adriana;de Lins;adriana.de.lins@live.com;ATIVO;13/06/2022
375;Guilherme;da Barra;guilherme.da.barra@yahoo.com;ATIVO;13/06/2022
376;Ana Livia;Caldas;ana.livia.caldas@gmail.com;ATIVO;13/06/2022
377;Silvia;Ramires;silvia.ramires@yahoo.com;ATIVO;13/06/2022
378;Helena;Sanches;helena.sanches@hotmail.com;ATIVO;13/06/2022
379;Carlos;Bentes;carlos.bentes@bol.com.br;ATIVO;13/06/2022
380;Helio;Alvares;helio.alvares@yahoo.com;ATIVO;13/06/2022
381;Kaique;Domingues;kaique.domingues@live.com;ATIVO;13/06/2022
382;Alessandra;de Oliveira;alessandra.de.oliveira@bol.com.br;ATIVO;13/06/2022
383;Maria Fernanda;Assumpcao;maria.fernanda.assumpcao@live.com;ATIVO;13/06/2022
384;Pietra;Ambrosio;pietra.ambrosio@bol.com.br;ATIVO;13/06/2022
385;Elisa;Siqueira;elisa.siqueira@hotmail.com;ATIVO;13/06/2022
386;Olivia;Arantes;olivia.arantes@yahoo.com;ATIVO;13/06/2022
387;Milena;da Cruz;milena.da.cruz@bol.com.br;ATIVO;13/06/2022
388;Clarice;Cerqueira;clarice.cerqueira@bol.com.br;ATIVO;13/06/2022
389;Oliver;Mendanha;oliver.mendanha@yahoo.com;ATIVO;13/06/2022
390;Celia;Peres;celia.peres@bol.com.br;ATIVO;13/06/2022
391;Gubio;de Borba;gubio.de.borba@yahoo.com;ATIVO;13/06/2022
392;Yago;da Madureira;yago.da.madureira@live.com;ATIVO;13/06/2022
393;Allana;Moreira;allana.moreira@yahoo.com;ATIVO;13/06/2022
394;Luiz Otavio;Banheira;luiz.otavio.banheira@yahoo.com;ATIVO;13/06/2022
395;Sara;da Fronteira;sara.da.fronteira@yahoo.com;ATIVO;13/06/2022
396;Elisio;Martim;elisio.martim@gmail.com;ATIVO;13/06/2022
397;Yasmin;Reis;yasmin.reis@bol.com.br;ATIVO;13/06/2022
398;Carla;Limeira;carla.limeira@hotmail.com;ATIVO;13/06/2022
399;Calebe;Corte;calebe.corte@live.com;ATIVO;13/06/2022
400;Patricia;Madeira;patricia.madeira@live.com;ATIVO;13/06/2022
401;Thomas;Carneiro;thomas.carneiro@live.com;ATIVO;13/06/2022
402;Roberta;Cerqueira;roberta.cerqueira@gmail.com;ATIVO;13/06/2022
403;Pedro Tobias;Godinho;pedro.tobias.godinho@yahoo.com;ATIVO;13/06/2022
404;Fernando;da Penha;fernando.da.penha@gmail.com;ATIVO;13/06/2022
405;Adriana;Alves;adriana.alves@bol.com.br;ATIVO;13/06/2022
406;Bernardo;Novaes;bernardo.novaes@live.com;ATIVO;13/06/2022
407;Margarida;Soeira;margarida.soeira@live.com;ATIVO;13/06/2022
408;Rodrigo;Duarte;rodrigo.duarte@bol.com.br;ATIVO;13/06/2022
409;Arthur;Galego;arthur.galego@hotmail.com;ATIVO;13/06/2022
410;Luna;Costa;luna.costa@hotmail.com;ATIVO;13/06/2022
411;Leticia;Cachoeira;leticia.cachoeira@yahoo.com;ATIVO;13/06/2022
412;Felix;Caldeira;felix.caldeira@live.com;ATIVO;13/06/2022
413;Davi Ludmer;da Penha;davi.ludmer.da.penha@yahoo.com;ATIVO;13/06/2022
414;Joao Felipe;Corte;joao.felipe.corte@live.com;ATIVO;13/06/2022
415;Maria Clara;Gentil;maria.clara.gentil@live.com;ATIVO;13/06/2022
416;Isabella;Cruz;isabella.cruz@live.com;ATIVO;13/06/2022
417;Fernanda;Sanches;fernanda.sanches@yahoo.com;ATIVO;13/06/2022
418;Ofelia;Godinho;ofelia.godinho@bol.com.br;ATIVO;13/06/2022
419;Lais;Caldas;lais.caldas@live.com;ATIVO;13/06/2022
420;Gael;Bentes;gael.bentes@hotmail.com;ATIVO;13/06/2022
421;Lorraine;Ribeira;lorraine.ribeira@live.com;ATIVO;13/06/2022
422;Isabela;Sanches;isabela.sanches@live.com;ATIVO;13/06/2022
423;Ana Julia;Negrao;ana.julia.negrao@yahoo.com;ATIVO;13/06/2022
424;Lucca;Neves;lucca.neves@gmail.com;ATIVO;13/06/2022
425;Isadora;Brum;isadora.brum@gmail.com;ATIVO;13/06/2022
426;Joao;Pereira;joao.pereira@gmail.com;ATIVO;13/06/2022
427;Benjamin;Mangueira;benjamin.mangueira@gmail.com;ATIVO;13/06/2022
428;Louise;Hernandes;louise.hernandes@bol.com.br;ATIVO;13/06/2022
429;Vinicius;Bonfim;vinicius.bonfim@bol.com.br;ATIVO;13/06/2022
430;Alicia;Nogueira;alicia.nogueira@yahoo.com;ATIVO;13/06/2022
431;Alessandra;Nascimento;alessandra.nascimento@live.com;ATIVO;13/06/2022
432;Maria Sophia;Carneiro;maria.sophia.carneiro@bol.com.br;ATIVO;13/06/2022
433;Lorena;Espinheira;lorena.espinheira@hotmail.com;ATIVO;13/06/2022
434;Heitor;Santos;heitor.santos@hotmail.com;ATIVO;13/06/2022
435;Maria Laura;Chaves;maria.laura.chaves@hotmail.com;ATIVO;13/06/2022
436;Paulo;Monteira;paulo.monteira@hotmail.com;ATIVO;13/06/2022
437;Feliciano;Beltrao;feliciano.beltrao@live.com;ATIVO;13/06/2022
438;Aurora;da Mata;aurora.da.mata@yahoo.com;ATIVO;13/06/2022
439;Silvia;Fernandes;silvia.fernandes@bol.com.br;ATIVO;13/06/2022
440;Washington;Laranjeira;washington.laranjeira@gmail.com;ATIVO;13/06/2022
441;Maya;da Cunha;maya.da.cunha@gmail.com;ATIVO;13/06/2022
442;Luiz Felipe;Guedes;luiz.felipe.guedes@hotmail.com;ATIVO;13/06/2022
443;Joao Vitor;Carneiro;joao.vitor.carneiro@live.com;ATIVO;13/06/2022
444;Frederico;Cerqueira;frederico.cerqueira@bol.com.br;ATIVO;13/06/2022
445;Clarice;Junqueira;clarice.junqueira@yahoo.com;ATIVO;13/06/2022
446;Maria Cecilia;Datena;maria.cecilia.datena@live.com;ATIVO;13/06/2022
447;Lavinia;Roriz;lavinia.roriz@live.com;ATIVO;13/06/2022
448;Anthony;Caseira;anthony.caseira@bol.com.br;ATIVO;13/06/2022
449;Ana;de Assuncao;ana.de.assuncao@yahoo.com;ATIVO;13/06/2022
450;Luiz Felipe;da Penha;luiz.felipe.da.penha@gmail.com;ATIVO;13/06/2022
451;Lara;da Conceicao;lara.da.conceicao@bol.com.br;ATIVO;13/06/2022
452;Maria Eduarda;Cachoeira;maria.eduarda.cachoeira@gmail.com;ATIVO;13/06/2022
453;Louise;Godins;louise.godins@bol.com.br;ATIVO;13/06/2022
454;Arthur Miguel;Mendes;arthur.miguel.mendes@gmail.com;ATIVO;13/06/2022
455;Pedro Henrique;da Penha;pedro.henrique.da.penha@yahoo.com;ATIVO;13/06/2022
456;Mirella;Dias;mirella.dias@hotmail.com;ATIVO;13/06/2022
457;Dalila;Sais;dalila.sais@yahoo.com;ATIVO;13/06/2022
458;Ana;Vimaranes;ana.vimaranes@live.com;ATIVO;13/06/2022
459;Davi Luiz;Alvares;davi.luiz.alvares@hotmail.com;ATIVO;13/06/2022
460;Norberto;Galvao;norberto.galvao@bol.com.br;ATIVO;13/06/2022
461;Clarice;Dorneles;clarice.dorneles@bol.com.br;ATIVO;13/06/2022
462;Cecilia;Coqueiro;cecilia.coqueiro@hotmail.com;ATIVO;13/06/2022
463;Olivia;Guterres;olivia.guterres@bol.com.br;ATIVO;13/06/2022
464;Maria Julia;Reboucas;maria.julia.reboucas@bol.com.br;ATIVO;13/06/2022
465;Ana Cecilia;Aroeira;ana.cecilia.aroeira@yahoo.com;ATIVO;13/06/2022
466;Norberto;Galego;norberto.galego@live.com;ATIVO;13/06/2022
467;Nubia;Nunes;nubia.nunes@live.com;ATIVO;13/06/2022
468;Warley;da Mota;warley.da.mota@yahoo.com;ATIVO;13/06/2022
469;Lorena;Gomes;lorena.gomes@yahoo.com;ATIVO;13/06/2022
470;Mariah;Pimenta;mariah.pimenta@yahoo.com;ATIVO;13/06/2022
471;Giulia;Ouriques;giulia.ouriques@gmail.com;ATIVO;13/06/2022
472;Dalila;Porto;dalila.porto@yahoo.com;ATIVO;13/06/2022
473;Luna;Madeira;luna.madeira@yahoo.com;ATIVO;13/06/2022
474;Pedro Lucas;Barbosa;pedro.lucas.barbosa@live.com;ATIVO;13/06/2022
475;Feliciano;Chaves;feliciano.chaves@bol.com.br;ATIVO;13/06/2022
476;Morgana;Assumpcao;morgana.assumpcao@bol.com.br;ATIVO;13/06/2022
477;Igor;Solimoes;igor.solimoes@hotmail.com;ATIVO;13/06/2022
478;Liz;de Lins;liz.de.lins@hotmail.com;ATIVO;13/06/2022
479;Davi Luiz;Fernandes;davi.luiz.fernandes@gmail.com;ATIVO;13/06/2022
480;Kaue;Limeira;kaue.limeira@gmail.com;ATIVO;13/06/2022
481;Bruna;Bomdia;bruna.bomdia@gmail.com;ATIVO;13/06/2022
482;Melissa;Nogueira;melissa.nogueira@hotmail.com;ATIVO;13/06/2022
483;Samuel;Vidal;samuel.vidal@gmail.com;ATIVO;13/06/2022
484;Maria Luiza;Meira;maria.luiza.meira@hotmail.com;ATIVO;13/06/2022
485;Antonia;Guterres;antonia.guterres@yahoo.com;ATIVO;13/06/2022
486;Norberto;Almeida;norberto.almeida@bol.com.br;ATIVO;13/06/2022
487;Joao Lucas;Carreira;joao.lucas.carreira@bol.com.br;ATIVO;13/06/2022
488;Joao Guilherme;Espinheira;joao.guilherme.espinheira@live.com;ATIVO;13/06/2022
489;Frederico;Guedes;frederico.guedes@hotmail.com;ATIVO;13/06/2022
490;Lucca;Quaresma;lucca.quaresma@hotmail.com;ATIVO;13/06/2022
491;Heloisa;Fogaca;heloisa.fogaca@hotmail.com;ATIVO;13/06/2022
492;Marcelo;da Cunha;marcelo.da.cunha@live.com;ATIVO;13/06/2022
493;Mirella;Grotas;mirella.grotas@bol.com.br;ATIVO;13/06/2022
494;Leticia;Ribeiro;leticia.ribeiro@live.com;ATIVO;13/06/2022
495;Vitoria;Espinhosa;vitoria.espinhosa@hotmail.com;ATIVO;13/06/2022
496;Andre;da Cunha;andre.da.cunha@hotmail.com;ATIVO;13/06/2022
497;Silvia;Sais;silvia.sais@gmail.com;ATIVO;13/06/2022
498;Benicio;Ouriques;benicio.ouriques@gmail.com;ATIVO;13/06/2022
499;Natalia;Rezende;natalia.rezende@hotmail.com;ATIVO;13/06/2022
500;Felicia;Rego;felicia.rego@hotmail.com;ATIVO;13/06/2022
501;Aurora;Rolim;aurora.rolim@bol.com.br;ATIVO;13/06/2022
502;Marcia;Pires;marcia.pires@bol.com.br;ATIVO;13/06/2022
503;Pedro Tobias;da Aldeia;pedro.tobias.da.aldeia@hotmail.com;ATIVO;13/06/2022
504;Carlos;Leiria;carlos.leiria@live.com;ATIVO;13/06/2022
505;Fabiano;Fontes;fabiano.fontes@gmail.com;ATIVO;13/06/2022
506;Giovanna;Sales;giovanna.sales@bol.com.br;ATIVO;13/06/2022
507;Anthony;da Barra;anthony.da.barra@hotmail.com;ATIVO;13/06/2022
508;Silas;Quaresma;silas.quaresma@bol.com.br;ATIVO;13/06/2022
509;Lavinia;Brum;lavinia.brum@yahoo.com;ATIVO;13/06/2022
510;Elisio;de Assuncao;elisio.de.assuncao@live.com;ATIVO;13/06/2022
511;Marcos;Aragao;marcos.aragao@bol.com.br;ATIVO;13/06/2022
512;Alice;Oliveira;alice.oliveira@bol.com.br;ATIVO;13/06/2022
513;Larissa;Costa;larissa.costa@live.com;ATIVO;13/06/2022
514;Yango;da Cunha;yango.da.cunha@hotmail.com;ATIVO;13/06/2022
515;Maria Alice;Jaques;maria.alice.jaques@hotmail.com;ATIVO;13/06/2022
516;Erick;Garces;erick.garces@hotmail.com;ATIVO;13/06/2022
517;Celia;Mangueira;celia.mangueira@hotmail.com;ATIVO;13/06/2022
518;Djalma;da Rosa;djalma.da.rosa@yahoo.com;ATIVO;13/06/2022
519;Emilly;da Rosa;emilly.da.rosa@yahoo.com;ATIVO;13/06/2022
520;Fabricia;Fontes;fabricia.fontes@bol.com.br;ATIVO;13/06/2022
521;Fernanda;Antunes;fernanda.antunes@bol.com.br;ATIVO;13/06/2022
522;Sirineu;Santos;sirineu.santos@live.com;ATIVO;13/06/2022
523;Yasmin;Ribas;yasmin.ribas@yahoo.com;ATIVO;13/06/2022
524;Joao Miguel;Passarinho;joao.miguel.passarinho@live.com;ATIVO;13/06/2022
525;Joana;Ribas;joana.ribas@bol.com.br;ATIVO;13/06/2022
526;Carlos Eduardo;Beltrao;carlos.eduardo.beltrao@bol.com.br;ATIVO;13/06/2022
527;Liz;Matoso;liz.matoso@live.com;ATIVO;13/06/2022
528;Manuela;Aragao;manuela.aragao@hotmail.com;ATIVO;13/06/2022
529;Pedro Lucas;Garces;pedro.lucas.garces@live.com;ATIVO;13/06/2022
530;Karla;Marcondes;karla.marcondes@bol.com.br;ATIVO;13/06/2022
531;Maria Julia;de Borba;maria.julia.de.borba@live.com;ATIVO;13/06/2022
532;Deneval;Boucas;deneval.boucas@yahoo.com;ATIVO;13/06/2022
533;Arthur;Espinhosa;arthur.espinhosa@gmail.com;ATIVO;13/06/2022
534;Gustavo;Veloso;gustavo.veloso@hotmail.com;ATIVO;13/06/2022
535;Meire;Cerqueira;meire.cerqueira@gmail.com;ATIVO;13/06/2022
536;Isabela;Resende;isabela.resende@gmail.com;ATIVO;13/06/2022
537;Ricardo;Vieira;ricardo.vieira@hotmail.com;ATIVO;13/06/2022
538;Lucas Gabriel;da Penha;lucas.gabriel.da.penha@gmail.com;ATIVO;13/06/2022
539;Davi Lucca;Melo;davi.lucca.melo@bol.com.br;ATIVO;13/06/2022
540;Antonio;Reboucas;antonio.reboucas@bol.com.br;ATIVO;13/06/2022
541;Maria Clara;Godinho;maria.clara.godinho@yahoo.com;ATIVO;13/06/2022
542;Luiz;Pinheira;luiz.pinheira@bol.com.br;ATIVO;13/06/2022
543;Davi Miguel;Almada;davi.miguel.almada@live.com;ATIVO;13/06/2022
544;Kleber;Leiria;kleber.leiria@gmail.com;ATIVO;13/06/2022
545;Jose;Carvalheira;jose.carvalheira@hotmail.com;ATIVO;13/06/2022
546;Igor;Ferraco;igor.ferraco@bol.com.br;ATIVO;13/06/2022
547;Eduarda;Vieira;eduarda.vieira@gmail.com;ATIVO;13/06/2022
548;Marcos;Muniz;marcos.muniz@bol.com.br;ATIVO;13/06/2022
549;Paula;da Terra;paula.da.terra@yahoo.com;ATIVO;13/06/2022
550;Celia;Cruz;celia.cruz@live.com;ATIVO;13/06/2022
551;Giulia;Carvalheira;giulia.carvalheira@live.com;ATIVO;13/06/2022
552;Maria Valentina;Castelo;maria.valentina.castelo@yahoo.com;ATIVO;13/06/2022
553;Carolina;Velasques;carolina.velasques@gmail.com;ATIVO;13/06/2022
554;Joana;Marques;joana.marques@yahoo.com;ATIVO;13/06/2022
555;Alessandro;Monteiro;alessandro.monteiro@bol.com.br;ATIVO;13/06/2022
556;Ana Sophia;Corte;ana.sophia.corte@live.com;ATIVO;13/06/2022
557;Livia;Xavier;livia.xavier@gmail.com;ATIVO;13/06/2022
558;Tertuliano;Soares;tertuliano.soares@bol.com.br;ATIVO;13/06/2022
559;Luiz Felipe;Fontinhas;luiz.felipe.fontinhas@gmail.com;ATIVO;13/06/2022
560;Maya;da Cruz;maya.da.cruz@live.com;ATIVO;13/06/2022
561;Ricardo;Peres;ricardo.peres@bol.com.br;ATIVO;13/06/2022
562;Samuel;da Bandeira;samuel.da.bandeira@live.com;ATIVO;13/06/2022
563;Isabelly;Vieira;isabelly.vieira@hotmail.com;ATIVO;13/06/2022
564;Lucca;Santana;lucca.santana@live.com;ATIVO;13/06/2022
565;Carolina;Cardoso;carolina.cardoso@hotmail.com;ATIVO;13/06/2022
566;Melissa;Passarinho;melissa.passarinho@gmail.com;ATIVO;13/06/2022
567;Bruno;Gomes;bruno.gomes@yahoo.com;ATIVO;13/06/2022
568;Stella;Hermingues;stella.hermingues@live.com;ATIVO;13/06/2022
569;Lorena;Santos;lorena.santos@live.com;ATIVO;13/06/2022
570;Roberta;Galvao;roberta.galvao@gmail.com;ATIVO;13/06/2022
571;Gustavo;Macedo;gustavo.macedo@yahoo.com;ATIVO;13/06/2022
572;Nubia;Siqueiro;nubia.siqueiro@live.com;ATIVO;13/06/2022
573;Yasmin;Barbosa;yasmin.barbosa@bol.com.br;ATIVO;13/06/2022
574;Davi Luiz;Castanheira;davi.luiz.castanheira@hotmail.com;ATIVO;13/06/2022
575;Paula;Rolim;paula.rolim@bol.com.br;ATIVO;13/06/2022
576;Hugo;Meira;hugo.meira@hotmail.com;ATIVO;13/06/2022
577;Ana Cecilia;Rocha;ana.cecilia.rocha@yahoo.com;ATIVO;13/06/2022
578;Marcia;Amoreira;marcia.amoreira@hotmail.com;ATIVO;13/06/2022
579;Benicio;Farias;benicio.farias@bol.com.br;ATIVO;13/06/2022
580;Isadora;Melo;isadora.melo@yahoo.com;ATIVO;13/06/2022
581;Carlos;Grotas;carlos.grotas@yahoo.com;ATIVO;13/06/2022
582;Luiz Miguel;Menendes;luiz.miguel.menendes@hotmail.com;ATIVO;13/06/2022
583;Noah;Novaes;noah.novaes@yahoo.com;ATIVO;13/06/2022
584;Luna;Sais;luna.sais@bol.com.br;ATIVO;13/06/2022
585;Raul;Almada;raul.almada@hotmail.com;ATIVO;13/06/2022
586;Bryan;da Fontoura;bryan.da.fontoura@gmail.com;ATIVO;13/06/2022
587;Vicente;Monteiro;vicente.monteiro@live.com;ATIVO;13/06/2022
588;Salvador;Paiva;salvador.paiva@gmail.com;ATIVO;13/06/2022
589;Jose;Camacho;jose.camacho@live.com;ATIVO;13/06/2022
590;Marcos;Datena;marcos.datena@bol.com.br;ATIVO;13/06/2022
591;Joao Lucas;Ramalho;joao.lucas.ramalho@live.com;ATIVO;13/06/2022
592;Ruan;Beltrao;ruan.beltrao@yahoo.com;ATIVO;13/06/2022
593;Vitoria;Resende;vitoria.resende@gmail.com;ATIVO;13/06/2022
594;Lucca;Soeira;lucca.soeira@hotmail.com;ATIVO;13/06/2022
595;Gustavo;Sais;gustavo.sais@bol.com.br;ATIVO;13/06/2022
596;Maria Cecilia;das Neves;maria.cecilia.das.neves@bol.com.br;ATIVO;13/06/2022
597;Luiz Felipe;Pinheira;luiz.felipe.pinheira@live.com;ATIVO;13/06/2022
598;Maria;Aguiar;maria.aguiar@hotmail.com;ATIVO;13/06/2022
599;Isadora;Moraes;isadora.moraes@gmail.com;ATIVO;13/06/2022
600;Ian;Ximenes;ian.ximenes@live.com;ATIVO;13/06/2022
601;Rebeca;Rocha;rebeca.rocha@bol.com.br;ATIVO;13/06/2022
602;Pedro Miguel;Hernandes;pedro.miguel.hernandes@bol.com.br;ATIVO;13/06/2022
603;Luiz Gustavo;Ramires;luiz.gustavo.ramires@yahoo.com;ATIVO;13/06/2022
604;Morgana;Moraes;morgana.moraes@gmail.com;ATIVO;13/06/2022
605;Yasmin;Palmeira;yasmin.palmeira@bol.com.br;ATIVO;13/06/2022
606;Maria Eduarda;Mendanha;maria.eduarda.mendanha@bol.com.br;ATIVO;13/06/2022
607;Victor;Geraldes;victor.geraldes@bol.com.br;ATIVO;13/06/2022
608;Aline;Matoso;aline.matoso@gmail.com;ATIVO;13/06/2022
609;Samuel;Ribas;samuel.ribas@live.com;ATIVO;13/06/2022
610;Pietro;Negrao;pietro.negrao@live.com;ATIVO;13/06/2022
611;Samuel;Taveira;samuel.taveira@gmail.com;ATIVO;13/06/2022
612;Washington;Bentes;washington.bentes@live.com;ATIVO;13/06/2022
613;Igor;Corte;igor.corte@live.com;ATIVO;13/06/2022
614;Dalila;Xavier;dalila.xavier@bol.com.br;ATIVO;13/06/2022
615;Ana Livia;Hernandes;ana.livia.hernandes@bol.com.br;ATIVO;13/06/2022
616;Laura;Cachoeira;laura.cachoeira@gmail.com;ATIVO;13/06/2022
617;Agatha;Soeira;agatha.soeira@yahoo.com;ATIVO;13/06/2022
618;Larissa;dos Reis;larissa.dos.reis@live.com;ATIVO;13/06/2022
619;Isabel;Espinheira;isabel.espinheira@gmail.com;ATIVO;13/06/2022
620;Luiz Henrique;Porteira;luiz.henrique.porteira@bol.com.br;ATIVO;13/06/2022
621;Davi Luiz;da Bandeira;davi.luiz.da.bandeira@gmail.com;ATIVO;13/06/2022
622;Maria Julia;Santos;maria.julia.santos@live.com;ATIVO;13/06/2022
623;Marcela;de Lara;marcela.de.lara@yahoo.com;ATIVO;13/06/2022
624;Giovanna;Barreira;giovanna.barreira@yahoo.com;ATIVO;13/06/2022
625;Mercia;Tavares;mercia.tavares@yahoo.com;ATIVO;13/06/2022
626;Vinicius;Oliveira;vinicius.oliveira@gmail.com;ATIVO;13/06/2022
627;Margarida;Rodrigues;margarida.rodrigues@bol.com.br;ATIVO;13/06/2022
628;Nataniel;Nunes;nataniel.nunes@live.com;ATIVO;13/06/2022
629;Murilo;Godins;murilo.godins@live.com;ATIVO;13/06/2022
630;Ana Laura;Alves;ana.laura.alves@bol.com.br;ATIVO;13/06/2022
631;Marcela;Freitas;marcela.freitas@hotmail.com;ATIVO;13/06/2022
632;Manuela;Silva;manuela.silva@bol.com.br;ATIVO;13/06/2022
633;Cesar;Palhares;cesar.palhares@live.com;ATIVO;13/06/2022
634;Felix;Sa;felix.sa@gmail.com;ATIVO;13/06/2022
635;Vinicius;Marques;vinicius.marques@gmail.com;ATIVO;13/06/2022
636;Ofelia;Moreira;ofelia.moreira@live.com;ATIVO;13/06/2022
637;Davi;Moniz;davi.moniz@bol.com.br;ATIVO;13/06/2022
638;Enrico;Nogueira;enrico.nogueira@gmail.com;ATIVO;13/06/2022
639;Giulia;Cachoeira;giulia.cachoeira@live.com;ATIVO;13/06/2022
640;Arthur Miguel;Carvalheira;arthur.miguel.carvalheira@bol.com.br;ATIVO;13/06/2022
641;Patricia;Gomide;patricia.gomide@live.com;ATIVO;13/06/2022
642;Henry;Ramalho;henry.ramalho@bol.com.br;ATIVO;13/06/2022
643;Aline;Carreira;aline.carreira@gmail.com;ATIVO;13/06/2022
644;Giulia;Barreira;giulia.barreira@bol.com.br;ATIVO;13/06/2022
645;Antonio;Munhoz;antonio.munhoz@live.com;ATIVO;13/06/2022
646;Luana;Oliveira;luana.oliveira@live.com;ATIVO;13/06/2022
647;Talita;Macieira;talita.macieira@live.com;ATIVO;13/06/2022
648;Joao Gabriel;Rios;joao.gabriel.rios@yahoo.com;ATIVO;13/06/2022
649;Marcia;Morais;marcia.morais@gmail.com;ATIVO;13/06/2022
650;Allana;Sales;allana.sales@hotmail.com;ATIVO;13/06/2022
651;Arthur Gabriel;Corte;arthur.gabriel.corte@bol.com.br;ATIVO;13/06/2022
652;Henry;Videira;henry.videira@bol.com.br;ATIVO;13/06/2022
653;Leonardo;Saraiva;leonardo.saraiva@bol.com.br;ATIVO;13/06/2022
654;Luiz Otavio;Albuquerque;luiz.otavio.albuquerque@bol.com.br;ATIVO;13/06/2022
655;Adriana;Fontinhas;adriana.fontinhas@bol.com.br;ATIVO;13/06/2022
656;Fernando;Barreto;fernando.barreto@live.com;ATIVO;13/06/2022
657;Ana Julia;da Gama;ana.julia.da.gama@gmail.com;ATIVO;13/06/2022
658;Joao Lucas;Jaques;joao.lucas.jaques@hotmail.com;ATIVO;13/06/2022
659;Sophie;Barreira;sophie.barreira@live.com;ATIVO;13/06/2022
660;Carolina;Viana;carolina.viana@live.com;ATIVO;13/06/2022
661;Melissa;Regueira;melissa.regueira@yahoo.com;ATIVO;13/06/2022
662;Oliver;Gabeira;oliver.gabeira@hotmail.com;ATIVO;13/06/2022
663;Maya;Godinho;maya.godinho@yahoo.com;ATIVO;13/06/2022
664;Matheus;Sales;matheus.sales@gmail.com;ATIVO;13/06/2022
665;Benjamin;Negrao;benjamin.negrao@gmail.com;ATIVO;13/06/2022
666;Leticia;Bernardes;leticia.bernardes@live.com;ATIVO;13/06/2022
667;Julia;Reboucas;julia.reboucas@yahoo.com;ATIVO;13/06/2022
668;Melissa;Vieira;melissa.vieira@gmail.com;ATIVO;13/06/2022
669;Kaue;Galego;kaue.galego@live.com;ATIVO;13/06/2022
670;Emanuel;Solimoes;emanuel.solimoes@live.com;ATIVO;13/06/2022
671;Lara;da Cunha;lara.da.cunha@live.com;ATIVO;13/06/2022
672;Joao Victor;Matoso;joao.victor.matoso@yahoo.com;ATIVO;13/06/2022
673;Bruna;Oliveira;bruna.oliveira@bol.com.br;ATIVO;13/06/2022
674;Joao Victor;Santos;joao.victor.santos@live.com;ATIVO;13/06/2022
675;Lucas;Almeida;lucas.almeida@yahoo.com;ATIVO;13/06/2022
676;Ana Livia;da Barranca;ana.livia.da.barranca@live.com;ATIVO;13/06/2022
677;Perola;Louzada;perola.louzada@gmail.com;ATIVO;13/06/2022
678;Margarida;Dantas;margarida.dantas@hotmail.com;ATIVO;13/06/2022
679;Fernando;Novaes;fernando.novaes@yahoo.com;ATIVO;13/06/2022
680;Fernando;Aroeira;fernando.aroeira@hotmail.com;ATIVO;13/06/2022
681;Maria Cecilia;Muniz;maria.cecilia.muniz@yahoo.com;ATIVO;13/06/2022
682;Joao Vitor;Nunes;joao.vitor.nunes@bol.com.br;ATIVO;13/06/2022
683;Hugo;Barbosa;hugo.barbosa@yahoo.com;ATIVO;13/06/2022
684;Clarice;da Conceicao;clarice.da.conceicao@yahoo.com;ATIVO;13/06/2022
685;Bruna;da Cruz;bruna.da.cruz@bol.com.br;ATIVO;13/06/2022
686;Ladislau;Meireles;ladislau.meireles@live.com;ATIVO;13/06/2022
687;Norberto;Novaes;norberto.novaes@hotmail.com;ATIVO;13/06/2022
688;Fabiano;Godinho;fabiano.godinho@bol.com.br;ATIVO;13/06/2022
689;Joao Lucas;Longuinho;joao.lucas.longuinho@yahoo.com;ATIVO;13/06/2022
690;Isis;Campos;isis.campos@live.com;ATIVO;13/06/2022
691;Isabelly;Barbosa;isabelly.barbosa@gmail.com;ATIVO;13/06/2022
692;Davi Ludmer;Muniz;davi.ludmer.muniz@bol.com.br;ATIVO;13/06/2022
693;Pedro Henrique;Silveira;pedro.henrique.silveira@live.com;ATIVO;13/06/2022
694;Luan;Custodio;luan.custodio@yahoo.com;ATIVO;13/06/2022
695;Meire;Aragao;meire.aragao@hotmail.com;ATIVO;13/06/2022
696;Hugo;Modesto;hugo.modesto@hotmail.com;ATIVO;13/06/2022
697;Carla;Teixeira;carla.teixeira@hotmail.com;ATIVO;13/06/2022
698;Pedro;Simao;pedro.simao@gmail.com;ATIVO;13/06/2022
699;Vinicius;da Nobrega;vinicius.da.nobrega@gmail.com;ATIVO;13/06/2022
700;Luiz Gustavo;Simoes;luiz.gustavo.simoes@live.com;ATIVO;13/06/2022
701;Igor;Moreira;igor.moreira@gmail.com;ATIVO;13/06/2022
702;Victor;Santana;victor.santana@bol.com.br;ATIVO;13/06/2022
703;Bruna;Santos;bruna.santos@hotmail.com;ATIVO;13/06/2022
704;Gabriela;da Cunha;gabriela.da.cunha@gmail.com;ATIVO;13/06/2022
705;Ayla;Gentil;ayla.gentil@live.com;ATIVO;13/06/2022
706;Lucas;Marins;lucas.marins@bol.com.br;ATIVO;13/06/2022
707;Cesar;Dias;cesar.dias@yahoo.com;ATIVO;13/06/2022
708;Joao;Datena;joao.datena@live.com;ATIVO;13/06/2022
709;Lais;Domingues;lais.domingues@gmail.com;ATIVO;13/06/2022
710;Enzo Thiago;Bentes;enzo.thiago.bentes@yahoo.com;ATIVO;13/06/2022
711;Ana Laura;Vimaranes;ana.laura.vimaranes@yahoo.com;ATIVO;13/06/2022
712;Yasmin;Antunes;yasmin.antunes@gmail.com;ATIVO;13/06/2022
713;Lara;Carvalho;lara.carvalho@hotmail.com;ATIVO;13/06/2022
714;Calebe;Reis;calebe.reis@bol.com.br;ATIVO;13/06/2022
715;Amanda;Geraldes;amanda.geraldes@live.com;ATIVO;13/06/2022
716;Yango;Munhoz;yango.munhoz@live.com;ATIVO;13/06/2022
717;Joao Gabriel;Aguiar;joao.gabriel.aguiar@gmail.com;ATIVO;13/06/2022
718;Marcelo;Nunes;marcelo.nunes@gmail.com;ATIVO;13/06/2022
719;Adriana;Ordonhes;adriana.ordonhes@live.com;ATIVO;13/06/2022
720;Davi Ludmer;Aparicio;davi.ludmer.aparicio@yahoo.com;ATIVO;13/06/2022
721;Pedro Tobias;Bentes;pedro.tobias.bentes@bol.com.br;ATIVO;13/06/2022
722;Marina;da Fonseca;marina.da.fonseca@yahoo.com;ATIVO;13/06/2022
723;Guilherme;Coutinho;guilherme.coutinho@live.com;ATIVO;13/06/2022
724;Luiz Otavio;Palmeira;luiz.otavio.palmeira@yahoo.com;ATIVO;13/06/2022
725;Adriana;Peixoto;adriana.peixoto@gmail.com;ATIVO;13/06/2022
726;Pedro Lucas;Palmeira;pedro.lucas.palmeira@bol.com.br;ATIVO;13/06/2022
727;Augusto;da Rocha;augusto.da.rocha@bol.com.br;ATIVO;13/06/2022
728;Henry;Cavalcanti;henry.cavalcanti@bol.com.br;ATIVO;13/06/2022
729;Lorraine;Brum;lorraine.brum@gmail.com;ATIVO;13/06/2022
730;Bianca;Novaes;bianca.novaes@live.com;ATIVO;13/06/2022
731;Henry;Rameira;henry.rameira@gmail.com;ATIVO;13/06/2022
732;Joao Samuel;Barreto;joao.samuel.barreto@live.com;ATIVO;13/06/2022
733;Antonio;Paiva;antonio.paiva@live.com;ATIVO;13/06/2022
734;Matheus;Gentil;matheus.gentil@hotmail.com;ATIVO;13/06/2022
735;Bryan;Gentil;bryan.gentil@live.com;ATIVO;13/06/2022
736;Breno;Matoso;breno.matoso@yahoo.com;ATIVO;13/06/2022
737;Stella;Dias;stella.dias@live.com;ATIVO;13/06/2022
738;Augusto;Correa;augusto.correa@yahoo.com;ATIVO;13/06/2022
739;Eduarda;Castro;eduarda.castro@live.com;ATIVO;13/06/2022
740;Larissa;Custodio;larissa.custodio@hotmail.com;ATIVO;13/06/2022
741;Luana;Coutinho;luana.coutinho@gmail.com;ATIVO;13/06/2022
742;Davi Miguel;Taveira;davi.miguel.taveira@gmail.com;ATIVO;13/06/2022
743;Adriana;Morais;adriana.morais@yahoo.com;ATIVO;13/06/2022
744;Joao Vitor;Grotas;joao.vitor.grotas@yahoo.com;ATIVO;13/06/2022
745;Pedro Henrique;da Nobrega;pedro.henrique.da.nobrega@yahoo.com;ATIVO;13/06/2022
746;Joao Vitor;Dantas;joao.vitor.dantas@bol.com.br;ATIVO;13/06/2022
747;Danilo;Barata;danilo.barata@yahoo.com;ATIVO;13/06/2022
748;Talita;Cruz;talita.cruz@live.com;ATIVO;13/06/2022
749;Arthur Gabriel;Laranjeira;arthur.gabriel.laranjeira@live.com;ATIVO;13/06/2022
750;Maria Helena;Reboucas;maria.helena.reboucas@bol.com.br;ATIVO;13/06/2022
751;Joao Felipe;Vieira;joao.felipe.vieira@yahoo.com;ATIVO;13/06/2022
752;Nataniel;Caldas;nataniel.caldas@hotmail.com;ATIVO;13/06/2022
753;Ayla;Ferreira;ayla.ferreira@hotmail.com;ATIVO;13/06/2022
754;Arthur;da Paz;arthur.da.paz@live.com;ATIVO;13/06/2022
755;Isadora;Macedo;isadora.macedo@live.com;ATIVO;13/06/2022
756;Maria Fernanda;Coutinho;maria.fernanda.coutinho@hotmail.com;ATIVO;13/06/2022
757;Noah;Crespo;noah.crespo@gmail.com;ATIVO;13/06/2022
758;Thiago;Santana;thiago.santana@yahoo.com;ATIVO;13/06/2022
759;Camila;Caseira;camila.caseira@yahoo.com;ATIVO;13/06/2022
760;Enzo Gabriel;Goulart;enzo.gabriel.goulart@bol.com.br;ATIVO;13/06/2022
761;Arthur;Louzada;arthur.louzada@gmail.com;ATIVO;13/06/2022
762;Joao Pedro;de Borba;joao.pedro.de.borba@live.com;ATIVO;13/06/2022
763;Enzo;da Fronteira;enzo.da.fronteira@live.com;ATIVO;13/06/2022
764;Theo;Sanches;theo.sanches@hotmail.com;ATIVO;13/06/2022
765;Bruno;Gomide;bruno.gomide@live.com;ATIVO;13/06/2022
766;Luna;da Aldeia;luna.da.aldeia@bol.com.br;ATIVO;13/06/2022
767;Lorenzo;Ribeira;lorenzo.ribeira@hotmail.com;ATIVO;13/06/2022
768;Larissa;Peres;larissa.peres@hotmail.com;ATIVO;13/06/2022
769;Alicia;Pedroso;alicia.pedroso@gmail.com;ATIVO;13/06/2022
770;Davi Luca;Resende;davi.luca.resende@gmail.com;ATIVO;13/06/2022
771;Maria Eduarda;Taveira;maria.eduarda.taveira@yahoo.com;ATIVO;13/06/2022
772;Lorraine;Pinheira;lorraine.pinheira@gmail.com;ATIVO;13/06/2022
773;Suelen;Garces;suelen.garces@hotmail.com;ATIVO;13/06/2022
774;Vitoria;da Rocha;vitoria.da.rocha@gmail.com;ATIVO;13/06/2022
775;Luiz Gustavo;Castro;luiz.gustavo.castro@bol.com.br;ATIVO;13/06/2022
776;Natalia;Ramos;natalia.ramos@hotmail.com;ATIVO;13/06/2022
777;Pietro;Fontes;pietro.fontes@bol.com.br;ATIVO;13/06/2022
778;Gabriela;Cardoso;gabriela.cardoso@hotmail.com;ATIVO;13/06/2022
779;Julio;Ordonhes;julio.ordonhes@live.com;ATIVO;13/06/2022
780;Marli;Amoreira;marli.amoreira@yahoo.com;ATIVO;13/06/2022
781;Levi;Bittencourt;levi.bittencourt@live.com;ATIVO;13/06/2022
782;Enrico;Ramos;enrico.ramos@yahoo.com;ATIVO;13/06/2022
783;Karla;Banheira;karla.banheira@bol.com.br;ATIVO;13/06/2022
784;Joao Gabriel;Palmeira;joao.gabriel.palmeira@yahoo.com;ATIVO;13/06/2022
785;Eduardo;Coutinho;eduardo.coutinho@live.com;ATIVO;13/06/2022
786;Luan;Guedes;luan.guedes@hotmail.com;ATIVO;13/06/2022
787;Breno;Carvalho;breno.carvalho@yahoo.com;ATIVO;13/06/2022
788;Vicente;da Cruz;vicente.da.cruz@bol.com.br;ATIVO;13/06/2022
789;Fabricia;Saraiva;fabricia.saraiva@yahoo.com;ATIVO;13/06/2022
790;Maria Fernanda;Fernandes;maria.fernanda.fernandes@yahoo.com;ATIVO;13/06/2022
791;Valentina;Geraldes;valentina.geraldes@gmail.com;ATIVO;13/06/2022
792;Vitoria;da Paz;vitoria.da.paz@bol.com.br;ATIVO;13/06/2022
793;Isaac;da Nobrega;isaac.da.nobrega@gmail.com;ATIVO;13/06/2022
794;Joao Pedro;Gomes;joao.pedro.gomes@live.com;ATIVO;13/06/2022
795;Ana Clara;Madeira;ana.clara.madeira@bol.com.br;ATIVO;13/06/2022
796;Felipe;da Rocha;felipe.da.rocha@bol.com.br;ATIVO;13/06/2022
797;Isaac;Pinheira;isaac.pinheira@yahoo.com;ATIVO;13/06/2022
798;Celia;Ximenes;celia.ximenes@hotmail.com;ATIVO;13/06/2022
799;Otavio;Moraes;otavio.moraes@bol.com.br;ATIVO;13/06/2022
800;Leticia;Camacho;leticia.camacho@yahoo.com;ATIVO;13/06/2022
801;Valentina;Carreira;valentina.carreira@bol.com.br;ATIVO;13/06/2022
802;Benjamin;Guterres;benjamin.guterres@gmail.com;ATIVO;13/06/2022
803;Igor;Barreira;igor.barreira@gmail.com;ATIVO;13/06/2022
804;Joao;Ramos;joao.ramos@live.com;ATIVO;13/06/2022
805;Caua;Castanheira;caua.castanheira@live.com;ATIVO;13/06/2022
806;Isis;Gomide;isis.gomide@gmail.com;ATIVO;13/06/2022
807;Joao;Lima;joao.lima@bol.com.br;ATIVO;13/06/2022
808;Isabel;Bentes;isabel.bentes@bol.com.br;ATIVO;13/06/2022
809;Henry;Cavalcanti;henry.cavalcanti@live.com;ATIVO;13/06/2022
810;Elisa;Corte;elisa.corte@yahoo.com;ATIVO;13/06/2022
811;Guilherme;Munhoz;guilherme.munhoz@yahoo.com;ATIVO;13/06/2022
812;Caio;da Rocha;caio.da.rocha@hotmail.com;ATIVO;13/06/2022
813;Bianca;Bentes;bianca.bentes@yahoo.com;ATIVO;13/06/2022
814;Esther;Limeira;esther.limeira@hotmail.com;ATIVO;13/06/2022
815;Washington;Ordonhes;washington.ordonhes@bol.com.br;ATIVO;13/06/2022
816;Clarice;Assumpcao;clarice.assumpcao@gmail.com;ATIVO;13/06/2022
817;Vinicius;Amoreira;vinicius.amoreira@bol.com.br;ATIVO;13/06/2022
818;Pedro Lucas;Barroso;pedro.lucas.barroso@live.com;ATIVO;13/06/2022
819;Roberta;Sales;roberta.sales@bol.com.br;ATIVO;13/06/2022
820;Levi;Madeira;levi.madeira@yahoo.com;ATIVO;13/06/2022
821;Helio;Monteira;helio.monteira@gmail.com;ATIVO;13/06/2022
822;Liz;da Conceicao;liz.da.conceicao@bol.com.br;ATIVO;13/06/2022
823;Bernardo;Jaques;bernardo.jaques@gmail.com;ATIVO;13/06/2022
824;Marcelo;Roseira;marcelo.roseira@live.com;ATIVO;13/06/2022
825;Ruan;Santana;ruan.santana@hotmail.com;ATIVO;13/06/2022
826;Catarina;Albuquerque;catarina.albuquerque@gmail.com;ATIVO;13/06/2022
827;Carlos;da Silva;carlos.da.silva@bol.com.br;ATIVO;13/06/2022
828;Tiago;Rios;tiago.rios@bol.com.br;ATIVO;13/06/2022
829;Ana Vitoria;Carreira;ana.vitoria.carreira@bol.com.br;ATIVO;13/06/2022
830;Gabriel;Simao;gabriel.simao@yahoo.com;ATIVO;13/06/2022
831;Catarina;Gentil;catarina.gentil@live.com;ATIVO;13/06/2022
832;Olivia;Costa;olivia.costa@bol.com.br;ATIVO;13/06/2022
833;Frederico;Pimenta;frederico.pimenta@gmail.com;ATIVO;13/06/2022
834;Ladislau;Muniz;ladislau.muniz@bol.com.br;ATIVO;13/06/2022
835;Davi Lucas;Soares;davi.lucas.soares@hotmail.com;ATIVO;13/06/2022
836;Levi;Soeira;levi.soeira@gmail.com;ATIVO;13/06/2022
837;Ricardo;Martim;ricardo.martim@hotmail.com;ATIVO;13/06/2022
838;Julia;Brites;julia.brites@hotmail.com;ATIVO;13/06/2022
839;Nathan;dos Reis;nathan.dos.reis@live.com;ATIVO;13/06/2022
840;Luiza;Carvalheira;luiza.carvalheira@yahoo.com;ATIVO;13/06/2022
841;Helena;Negrao;helena.negrao@live.com;ATIVO;13/06/2022
842;Thiago;Aroeira;thiago.aroeira@gmail.com;ATIVO;13/06/2022
843;Danilo;Reboucas;danilo.reboucas@live.com;ATIVO;13/06/2022
844;Perola;Rodrigues;perola.rodrigues@hotmail.com;ATIVO;13/06/2022
845;Aline;Moreno;aline.moreno@bol.com.br;ATIVO;13/06/2022
846;Silvia;Duarte;silvia.duarte@hotmail.com;ATIVO;13/06/2022
847;Emanuelly;Ramos;emanuelly.ramos@gmail.com;ATIVO;13/06/2022
848;Joao Luca;Diegues;joao.luca.diegues@hotmail.com;ATIVO;13/06/2022
849;Joao Vitor;da Silva;joao.vitor.da.silva@live.com;ATIVO;13/06/2022
850;Lucas Gabriel;Neves;lucas.gabriel.neves@yahoo.com;ATIVO;13/06/2022
851;Davi;Veles;davi.veles@live.com;ATIVO;13/06/2022
852;Mirella;Antena;mirella.antena@yahoo.com;ATIVO;13/06/2022
853;Ryan;Rezende;ryan.rezende@yahoo.com;ATIVO;13/06/2022
854;Francisco;Ramires;francisco.ramires@yahoo.com;ATIVO;13/06/2022
855;Gael;Novaes;gael.novaes@live.com;ATIVO;13/06/2022
856;Fabricia;Custodio;fabricia.custodio@gmail.com;ATIVO;13/06/2022
857;Eduarda;Sanches;eduarda.sanches@hotmail.com;ATIVO;13/06/2022
858;Deneval;Dantas;deneval.dantas@gmail.com;ATIVO;13/06/2022
859;Giovanna;Franco;giovanna.franco@hotmail.com;ATIVO;13/06/2022
860;Lais;Louzada;lais.louzada@bol.com.br;ATIVO;13/06/2022
861;Felipe;Meireles;felipe.meireles@hotmail.com;ATIVO;13/06/2022
862;Alice;Bonfim;alice.bonfim@gmail.com;ATIVO;13/06/2022
863;Stella;Garces;stella.garces@hotmail.com;ATIVO;13/06/2022
864;Milena;Peixoto;milena.peixoto@bol.com.br;ATIVO;13/06/2022
865;Helio;Albuquerque;helio.albuquerque@hotmail.com;ATIVO;13/06/2022
866;Ayla;Fernandes;ayla.fernandes@bol.com.br;ATIVO;13/06/2022
867;Warley;Goulart;warley.goulart@bol.com.br;ATIVO;13/06/2022
868;Sophia;Amoreira;sophia.amoreira@bol.com.br;ATIVO;13/06/2022
869;Marina;Carvalheira;marina.carvalheira@bol.com.br;ATIVO;13/06/2022
870;Davi Miguel;Sales;davi.miguel.sales@yahoo.com;ATIVO;13/06/2022
871;Roberta;Casqueira;roberta.casqueira@gmail.com;ATIVO;13/06/2022
872;Ana Livia;Lessa;ana.livia.lessa@yahoo.com;ATIVO;13/06/2022
873;Roberto;Bomdia;roberto.bomdia@bol.com.br;ATIVO;13/06/2022
874;Pietra;Teixeira;pietra.teixeira@yahoo.com;ATIVO;13/06/2022
875;Pedro Lucas;Garcez;pedro.lucas.garcez@yahoo.com;ATIVO;13/06/2022
876;Lorena;Vasques;lorena.vasques@hotmail.com;ATIVO;13/06/2022
877;Lais;Roriz;lais.roriz@bol.com.br;ATIVO;13/06/2022
878;Ricardo;Louzada;ricardo.louzada@yahoo.com;ATIVO;13/06/2022
879;Sarah;Filgueira;sarah.filgueira@yahoo.com;ATIVO;13/06/2022
880;Thomas;Aragao;thomas.aragao@yahoo.com;ATIVO;13/06/2022
881;Giovanna;Ferreira;giovanna.ferreira@gmail.com;ATIVO;13/06/2022
882;Maria Laura;Henriques;maria.laura.henriques@yahoo.com;ATIVO;13/06/2022
883;Milena;da Fonseca;milena.da.fonseca@gmail.com;ATIVO;13/06/2022
884;Isabelly;Martins;isabelly.martins@gmail.com;ATIVO;13/06/2022
885;Emilly;Pimenta;emilly.pimenta@gmail.com;ATIVO;13/06/2022
886;Joaquim;das Neves;joaquim.das.neves@gmail.com;ATIVO;13/06/2022
887;Feliciano;Fogaca;feliciano.fogaca@live.com;ATIVO;13/06/2022
888;Morgana;Pedroso;morgana.pedroso@live.com;ATIVO;13/06/2022
889;Silvia;Madeira;silvia.madeira@live.com;ATIVO;13/06/2022
890;Calebe;Ouriques;calebe.ouriques@bol.com.br;ATIVO;13/06/2022
891;Lucas Gabriel;Ximenes;lucas.gabriel.ximenes@yahoo.com;ATIVO;13/06/2022
892;Margarida;Pires;margarida.pires@yahoo.com;ATIVO;13/06/2022
893;Noah;Galego;noah.galego@yahoo.com;ATIVO;13/06/2022
894;Marcelo;da Silveira;marcelo.da.silveira@bol.com.br;ATIVO;13/06/2022
895;Warley;Cachoeira;warley.cachoeira@live.com;ATIVO;13/06/2022
896;Marcos;Modesto;marcos.modesto@gmail.com;ATIVO;13/06/2022
897;Warley;Sales;warley.sales@hotmail.com;ATIVO;13/06/2022
898;Emanuel;Boucas;emanuel.boucas@hotmail.com;ATIVO;13/06/2022
899;Ana Julia;Banheira;ana.julia.banheira@hotmail.com;ATIVO;13/06/2022
900;Maria Flor;Duarte;maria.flor.duarte@live.com;ATIVO;13/06/2022
901;Aurora;Viana;aurora.viana@gmail.com;ATIVO;13/06/2022
902;Maria Clara;Aroeira;maria.clara.aroeira@gmail.com;ATIVO;13/06/2022
903;Murilo;Roseira;murilo.roseira@yahoo.com;ATIVO;13/06/2022
904;Gubio;Simoes;gubio.simoes@live.com;ATIVO;13/06/2022
905;Gabrielly;Neves;gabrielly.neves@bol.com.br;ATIVO;13/06/2022
906;Lorraine;da Terra;lorraine.da.terra@live.com;ATIVO;13/06/2022
907;Joao Guilherme;Moura;joao.guilherme.moura@bol.com.br;ATIVO;13/06/2022
908;Arthur;Hernandes;arthur.hernandes@bol.com.br;ATIVO;13/06/2022
909;Suelen;Araujo;suelen.araujo@yahoo.com;ATIVO;13/06/2022
910;Igor;Ramalho;igor.ramalho@yahoo.com;ATIVO;13/06/2022
911;Fabricia;Dantas;fabricia.dantas@bol.com.br;ATIVO;13/06/2022
912;Alice;Camacho;alice.camacho@hotmail.com;ATIVO;13/06/2022
913;Feliciano;Velasques;feliciano.velasques@bol.com.br;ATIVO;13/06/2022
914;Joao Pedro;Melo;joao.pedro.melo@yahoo.com;ATIVO;13/06/2022
915;Marcelo;da Costa;marcelo.da.costa@live.com;ATIVO;13/06/2022
916;Julia;Simao;julia.simao@live.com;ATIVO;13/06/2022
917;Ryan;Esteves;ryan.esteves@yahoo.com;ATIVO;13/06/2022
918;Liz;Bonfim;liz.bonfim@live.com;ATIVO;13/06/2022
919;Fabricia;Marins;fabricia.marins@yahoo.com;ATIVO;13/06/2022
920;Tertuliano;Nunes;tertuliano.nunes@gmail.com;ATIVO;13/06/2022
921;Nicolas;Muniz;nicolas.muniz@live.com;ATIVO;13/06/2022
922;Thomas;Arantes;thomas.arantes@live.com;ATIVO;13/06/2022
923;Tertuliano;Lessa;tertuliano.lessa@hotmail.com;ATIVO;13/06/2022
924;Cecilia;Correa;cecilia.correa@hotmail.com;ATIVO;13/06/2022
925;Lais;Moreno;lais.moreno@gmail.com;ATIVO;13/06/2022
926;Norberto;Longuinho;norberto.longuinho@gmail.com;ATIVO;13/06/2022
927;Laura;Espinheira;laura.espinheira@live.com;ATIVO;13/06/2022
928;Maria Flor;Cruz;maria.flor.cruz@bol.com.br;ATIVO;13/06/2022
929;Joao Vitor;Moreira;joao.vitor.moreira@hotmail.com;ATIVO;13/06/2022
930;Marina;Velasques;marina.velasques@hotmail.com;ATIVO;13/06/2022
931;Giovanna;Alvares;giovanna.alvares@bol.com.br;ATIVO;13/06/2022
932;Gabriel;da Luz;gabriel.da.luz@gmail.com;ATIVO;13/06/2022
933;Arthur Miguel;da Silveira;arthur.miguel.da.silveira@hotmail.com;ATIVO;13/06/2022
934;Yago;da Rocha;yago.da.rocha@hotmail.com;ATIVO;13/06/2022
935;Levi;Ordonhes;levi.ordonhes@live.com;ATIVO;13/06/2022
936;Henrique;Costa;henrique.costa@hotmail.com;ATIVO;13/06/2022
937;Valentina;Cachoeira;valentina.cachoeira@bol.com.br;ATIVO;13/06/2022
938;Ana Beatriz;Henriques;ana.beatriz.henriques@yahoo.com;ATIVO;13/06/2022
939;Mariana;Rego;mariana.rego@hotmail.com;ATIVO;13/06/2022
940;Breno;Hermingues;breno.hermingues@hotmail.com;ATIVO;13/06/2022
941;Murilo;Fogaca;murilo.fogaca@hotmail.com;ATIVO;13/06/2022
942;Celia;Carvalho;celia.carvalho@yahoo.com;ATIVO;13/06/2022
943;Daniel;Fernandes;daniel.fernandes@hotmail.com;ATIVO;13/06/2022
944;Gael;Braga;gael.braga@bol.com.br;ATIVO;13/06/2022
945;Murilo;Brites;murilo.brites@live.com;ATIVO;13/06/2022
946;Morgana;Barros;morgana.barros@live.com;ATIVO;13/06/2022
947;Marcos;Esteves;marcos.esteves@live.com;ATIVO;13/06/2022
948;Pietra;Dantas;pietra.dantas@gmail.com;ATIVO;13/06/2022
949;Luiz Gustavo;Rezende;luiz.gustavo.rezende@live.com;ATIVO;13/06/2022
950;Celia;do Prado;celia.do.prado@gmail.com;ATIVO;13/06/2022
951;Bruna;Grotas;bruna.grotas@live.com;ATIVO;13/06/2022
952;Eduardo;da Cruz;eduardo.da.cruz@live.com;ATIVO;13/06/2022
953;Manuela;Diegues;manuela.diegues@live.com;ATIVO;13/06/2022
954;Giulia;Paes;giulia.paes@bol.com.br;ATIVO;13/06/2022
955;Luiz;Palhares;luiz.palhares@hotmail.com;ATIVO;13/06/2022
956;Marcia;Barreto;marcia.barreto@gmail.com;ATIVO;13/06/2022
957;Gustavo;Velasques;gustavo.velasques@hotmail.com;ATIVO;13/06/2022
958;Maria Helena;Aroeira;maria.helena.aroeira@hotmail.com;ATIVO;13/06/2022
959;Marcelo;Soares;marcelo.soares@yahoo.com;ATIVO;13/06/2022
960;Fabricia;Palhares;fabricia.palhares@bol.com.br;ATIVO;13/06/2022
961;Vitoria;Tavares;vitoria.tavares@yahoo.com;ATIVO;13/06/2022
962;Louise;Braga;louise.braga@hotmail.com;ATIVO;13/06/2022
963;Igor;Castelo;igor.castelo@bol.com.br;ATIVO;13/06/2022
964;Matheus;de Borba;matheus.de.borba@live.com;ATIVO;13/06/2022
965;Nicole;Xavier;nicole.xavier@bol.com.br;ATIVO;13/06/2022
966;Igor;Rocha;igor.rocha@bol.com.br;ATIVO;13/06/2022
967;Lucas Gabriel;Corte;lucas.gabriel.corte@bol.com.br;ATIVO;13/06/2022
968;Danilo;Mangueira;danilo.mangueira@gmail.com;ATIVO;13/06/2022
969;Fernando;Crespo;fernando.crespo@hotmail.com;ATIVO;13/06/2022
970;Gabriel;da Rocha;gabriel.da.rocha@gmail.com;ATIVO;13/06/2022
971;Larissa;Lobos;larissa.lobos@hotmail.com;ATIVO;13/06/2022
972;Celia;Geraldes;celia.geraldes@hotmail.com;ATIVO;13/06/2022
973;Gabrielly;da Mata;gabrielly.da.mata@bol.com.br;ATIVO;13/06/2022
974;Tiago;Rezende;tiago.rezende@yahoo.com;ATIVO;13/06/2022
975;Lorena;Casqueira;lorena.casqueira@live.com;ATIVO;13/06/2022
976;Liz;Ferraco;liz.ferraco@live.com;ATIVO;13/06/2022
977;Maria Clara;Soares;maria.clara.soares@bol.com.br;ATIVO;13/06/2022
978;Miguel;Ordonhes;miguel.ordonhes@bol.com.br;ATIVO;13/06/2022
979;Ryan;Santana;ryan.santana@bol.com.br;ATIVO;13/06/2022
980;Paulo;Sales;paulo.sales@hotmail.com;ATIVO;13/06/2022
981;Maria Vitoria;Chaves;maria.vitoria.chaves@live.com;ATIVO;13/06/2022
982;Aline;Hermingues;aline.hermingues@yahoo.com;ATIVO;13/06/2022
983;Bento;Barreto;bento.barreto@gmail.com;ATIVO;13/06/2022
984;Kleber;Franco;kleber.franco@hotmail.com;ATIVO;13/06/2022
985;Lorenzo;Caseira;lorenzo.caseira@bol.com.br;ATIVO;13/06/2022
986;Joana;Nascimento;joana.nascimento@yahoo.com;ATIVO;13/06/2022
987;Lorena;Pinheira;lorena.pinheira@yahoo.com;ATIVO;13/06/2022
988;Pedro Henrique;Castanho;pedro.henrique.castanho@hotmail.com;ATIVO;13/06/2022
989;Sara;Melo;sara.melo@yahoo.com;ATIVO;13/06/2022
990;Aurora;Jesus;aurora.jesus@bol.com.br;ATIVO;13/06/2022
991;Silvia;Bittencourt;silvia.bittencourt@gmail.com;ATIVO;13/06/2022
992;Sirineu;Coqueiro;sirineu.coqueiro@bol.com.br;ATIVO;13/06/2022
993;Esther;Matoso;esther.matoso@yahoo.com;ATIVO;13/06/2022
994;Sarah;Goncalves;sarah.goncalves@yahoo.com;ATIVO;13/06/2022
995;Bruna;Coutinho;bruna.coutinho@hotmail.com;ATIVO;13/06/2022
996;Isis;Carvalho;isis.carvalho@hotmail.com;ATIVO;13/06/2022
997;Karla;Meireles;karla.meireles@bol.com.br;ATIVO;13/06/2022
998;Yuri;Lobos;yuri.lobos@yahoo.com;ATIVO;13/06/2022
999;Davi Lucas;da Cruz;davi.lucas.da.cruz@bol.com.br;ATIVO;13/06/2022
1000;Davi Lucca;Filgueira;davi.lucca.filgueira@bol.com.br;ATIVO;13/06/2022
